{
  "Version": 4,
  "Load": {
    "Base": {
      "Image": {
        "Path": "https://vgy.me/vdvqcK.png",
        "Online": true
      },
      "BackColor": {
        "R": 51,
        "G": 51,
        "B": 51
      },
      "TopMost": true,
      "Rounded": false,
      "Opacity": 1.0
    },
    "BaseStrings": {
      "CheckingWhitelist": "Checking whitelist...",
      "ChangingWhitelist": "Changing whitelist...",
      "DownloadingData": "Downloading data...",
      "CheckingData": "Checking data...",
      "DownloadingDlls": "Downloading DLLs...",
      "DownloadingMonaco": "Downloading Monaco...",
      "DownloadingSQLite": "Downloading SQLite...",
      "JoiningDiscord": "Joining Discord...",
      "Ready": "Ready to launch!"
    },
    "Logo": {
      "Enabled": true,
      "Image": {
        "Path": "",
        "Online": true
      },
      "BackColor": {
        "R": 0,
        "G": 0,
        "B": 0
      },
      "BackTransparent": true
    },
    "TopBox": {
      "Enabled": false,
      "BackColor": {
        "R": 0,
        "G": 0,
        "B": 0
      }
    },
    "TitleBox": {
      "Enabled": true,
      "Font": {
        "Name": "Open Sans",
        "Size": 9.0
      },
      "Text": "",
      "BackColor": {
        "R": 0,
        "G": 0,
        "B": 0
      },
      "TextColor": {
        "R": 255,
        "G": 255,
        "B": 255
      },
      "BackTransparent": true
    },
    "StatusBox": {
      "Enabled": true,
      "Font": {
        "Name": "Open Sans",
        "Size": 9.7
      },
      "Text": "Initializing...",
      "BackColor": {
        "R": 0,
        "G": 0,
        "B": 0
      },
      "TextColor": {
        "R": 255,
        "G": 255,
        "B": 255
      },
      "BackTransparent": true
    }
  },
  "Main": {
    "Base": {
      "Image": {
        "Path": "https://vgy.me/vdvqcK.png",
        "Online": true
      },
      "BackColor": {
        "R": 0,
        "G": 0,
        "B": 0
      },
      "TopMost": true,
      "Rounded": false,
      "Opacity": 1.0
    },
    "WebSocket": {
      "Enabled": false,
      "DebugMode": false
    },
    "BaseStrings": {
      "Checking": " (checking...)",
      "Injecting": " (injecting...)",
      "CheckingWhitelist": " (checking whitelist...)",
      "Scanning": " (scanning...)",
      "Ready": " (ready!)",
      "FailedToFindRoblox": " (failed to find roblox!)",
      "NotRunningLatestVersion": " (not running latest version! relaunch.)",
      "NotInjected": " (not injected! press attach)",
      "AlreadyInjected": " (already injected!)"
    },
    "RightClickStrings": {
      "Execute": "Execute",
      "LoadToEditor": "Load to Editor",
      "Refresh": "Refresh"
    },
    "Logo": {
      "Enabled": true,
      "Image": {
        "Path": "",
        "Online": true
      },
      "BackColor": {
        "R": 60,
        "G": 60,
        "B": 60
      },
      "BackTransparent": true
    },
    "TopBox": {
      "Enabled": false,
      "BackColor": {
        "R": 60,
        "G": 60,
        "B": 60
      }
    },
    "TitleBox": {
      "Enabled": true,
      "Font": {
        "Name": "Open Sans",
        "Size": 9.0
      },
      "FormatString": "",
      "BackColor": {
        "R": 0,
        "G": 0,
        "B": 0
      },
      "TextColor": {
        "R": 255,
        "G": 255,
        "B": 255
      },
      "BackTransparent": true
    },
    "ScriptBox": {
      "Font": {
        "Name": "Open Sans",
        "Size": 9.0
      },
      "BackColor": {
        "R": 0,
        "G": 0,
        "B": 0
      },
      "TextColor": {
        "R": 255,
        "G": 255,
        "B": 255
      },
      "BackTransparent": true
    },
    "MinimizeButton": {
      "BackColor": {
        "R": 0,
        "G": 0,
        "B": 0
      },
      "GlyphColor": {
        "R": 255,
        "G": 255,
        "B": 255
      }
    },
    "ExitButton": {
      "BackColor": {
        "R": 0,
        "G": 0,
        "B": 0
      },
      "GlyphColor": {
        "R": 255,
        "G": 255,
        "B": 255
      }
    },
    "ExecuteButton": {
      "Image": {
        "Path": "",
        "Online": false
      },
      "Font": {
        "Name": "Open Sans",
        "Size": 9.0
      },
      "BackColor": {
        "R": 0,
        "G": 0,
        "B": 0
      },
      "TextColor": {
        "R": 255,
        "G": 255,
        "B": 255
      },
      "Text": "Execute",
      "BackTransparent": true
    },
    "ClearButton": {
      "Image": {
        "Path": "",
        "Online": false
      },
      "Font": {
        "Name": "Open Sans",
        "Size": 9.0
      },
      "BackColor": {
        "R": 0,
        "G": 0,
        "B": 0
      },
      "TextColor": {
        "R": 255,
        "G": 255,
        "B": 255
      },
      "Text": "Clear",
      "BackTransparent": true
    },
    "OpenFileButton": {
      "Image": {
        "Path": "",
        "Online": false
      },
      "Font": {
        "Name": "Open Sans",
        "Size": 9.0
      },
      "BackColor": {
        "R": 0,
        "G": 0,
        "B": 0
      },
      "TextColor": {
        "R": 255,
        "G": 255,
        "B": 255
      },
      "Text": "Open File",
      "BackTransparent": true
    },
    "ExecuteFileButton": {
      "Image": {
        "Path": "",
        "Online": false
      },
      "Font": {
        "Name": "Open Sans",
        "Size": 9.0
      },
      "BackColor": {
        "R": 0,
        "G": 0,
        "B": 0
      },
      "TextColor": {
        "R": 255,
        "G": 255,
        "B": 255
      },
      "Text": "Execute File",
      "BackTransparent": true
    },
    "SaveFileButton": {
      "Image": {
        "Path": "",
        "Online": false
      },
      "Font": {
        "Name": "Open Sans",
        "Size": 9.0
      },
      "BackColor": {
        "R": 0,
        "G": 0,
        "B": 0
      },
      "TextColor": {
        "R": 255,
        "G": 255,
        "B": 255
      },
      "Text": "Save File",
      "BackTransparent": true
    },
    "OptionsButton": {
      "Image": {
        "Path": "",
        "Online": false
      },
      "Font": {
        "Name": "Open Sans",
        "Size": 9.0
      },
      "BackColor": {
        "R": 0,
        "G": 0,
        "B": 0
      },
      "TextColor": {
        "R": 255,
        "G": 255,
        "B": 255
      },
      "Text": "Options",
      "BackTransparent": true
    },
    "AttachButton": {
      "Image": {
        "Path": "",
        "Online": false
      },
      "Font": {
        "Name": "Open Sans",
        "Size": 9.0
      },
      "BackColor": {
        "R": 0,
        "G": 0,
        "B": 0
      },
      "TextColor": {
        "R": 255,
        "G": 255,
        "B": 255
      },
      "Text": "Attach",
      "BackTransparent": true
    },
    "ScriptHubButton": {
      "Image": {
        "Path": "",
        "Online": false
      },
      "Font": {
        "Name": "Open Sans",
        "Size": 9.0
      },
      "BackColor": {
        "R": 0,
        "G": 0,
        "B": 0
      },
      "TextColor": {
        "R": 255,
        "G": 255,
        "B": 255
      },
      "TextNormal": "Script Hub",
      "TextYield": "Starting...",
      "BackTransparent": true
    }
  },
  "ScriptHub": {
    "Base": {
      "Image": {
        "Path": "https://vgy.me/vdvqcK.png",
        "Online": true
      },
      "BackColor": {
        "R": 51,
        "G": 51,
        "B": 51
      },
      "TopMost": true,
      "Rounded": false,
      "Opacity": 1.0
    },
    "Logo": {
      "Enabled": false,
      "Image": {
        "Path": "",
        "Online": false
      },
      "BackColor": {
        "R": 0,
        "G": 0,
        "B": 0
      },
      "BackTransparent": false
    },
    "TopBox": {
      "Enabled": false,
      "BackColor": {
        "R": 0,
        "G": 0,
        "B": 0
      }
    },
    "TitleBox": {
      "Enabled": false,
      "Font": {
        "Name": "Open Sans",
        "Size": 9.0
      },
      "Text": "Synapse X Script Hub",
      "BackColor": {
        "R": 0,
        "G": 0,
        "B": 0
      },
      "TextColor": {
        "R": 255,
        "G": 255,
        "B": 255
      },
      "BackTransparent": false
    },
    "ScriptBox": {
      "Font": {
        "Name": "Open Sans",
        "Size": 10.0
      },
      "BackColor": {
        "R": 0,
        "G": 0,
        "B": 0
      },
      "TextColor": {
        "R": 255,
        "G": 255,
        "B": 255
      },
      "BackTransparent": false
    },
    "DescriptionBox": {
      "Font": {
        "Name": "Open Sans",
        "Size": 10.0
      },
      "BackColor": {
        "R": 0,
        "G": 0,
        "B": 0
      },
      "TextColor": {
        "R": 255,
        "G": 255,
        "B": 255
      },
      "BackTransparent": false
    },
    "MinimizeButton": {
      "BackColor": {
        "R": 0,
        "G": 0,
        "B": 0
      },
      "GlyphColor": {
        "R": 255,
        "G": 255,
        "B": 255
      }
    },
    "ExecuteButton": {
      "Image": {
        "Path": "",
        "Online": false
      },
      "Font": {
        "Name": "Open Sans",
        "Size": 9.0
      },
      "BackColor": {
        "R": 0,
        "G": 0,
        "B": 0
      },
      "TextColor": {
        "R": 255,
        "G": 255,
        "B": 255
      },
      "TextNormal": "Execute",
      "TextYield": "Executing...",
      "BackTransparent": false
    },
    "CloseButton": {
      "Image": {
        "Path": "",
        "Online": false
      },
      "Font": {
        "Name": "Open Sans",
        "Size": 9.0
      },
      "BackColor": {
        "R": 0,
        "G": 0,
        "B": 0
      },
      "TextColor": {
        "R": 255,
        "G": 255,
        "B": 255
      },
      "Text": "Close",
      "BackTransparent": false
    }
  }
}